Continent;Country;Series;Year;Unit;Value
Asia;Afghanistan;"Table grapes production";1995;tonnes;201300
Asia;Afghanistan;"Table grapes production";1996;tonnes;201100
Asia;Afghanistan;"Table grapes production";1997;tonnes;201100
Asia;Afghanistan;"Table grapes production";1998;tonnes;201100
Asia;Afghanistan;"Table grapes production";1999;tonnes;201100
Asia;Afghanistan;"Table grapes production";2000;tonnes;191000
Asia;Afghanistan;"Table grapes production";2001;tonnes;252400
Asia;Afghanistan;"Table grapes production";2002;tonnes;233000
Asia;Afghanistan;"Table grapes production";2003;tonnes;190608
Asia;Afghanistan;"Table grapes production";2004;tonnes;180989
Asia;Afghanistan;"Table grapes production";2005;tonnes;189149
Asia;Afghanistan;"Table grapes production";2006;tonnes;202032
Asia;Afghanistan;"Table grapes production";2007;tonnes;191635
Asia;Afghanistan;"Table grapes production";2008;tonnes;202008
Asia;Afghanistan;"Table grapes production";2009;tonnes;244405
Asia;Afghanistan;"Table grapes production";2010;tonnes;245678
Asia;Afghanistan;"Table grapes production";2011;tonnes;346415
Asia;Afghanistan;"Table grapes production";2012;tonnes;446504
Asia;Afghanistan;"Table grapes production";2013;tonnes;448507
Asia;Afghanistan;"Table grapes production";2014;tonnes;571153
Asia;Afghanistan;"Table grapes production";2015;tonnes;596844
Asia;Afghanistan;"Table grapes production";2016;tonnes;697187
Europe;Albania;"Table grapes production";1995;tonnes;34800
Europe;Albania;"Table grapes production";1996;tonnes;23600
Europe;Albania;"Table grapes production";1997;tonnes;46700
Europe;Albania;"Table grapes production";1998;tonnes;55100
Europe;Albania;"Table grapes production";1999;tonnes;54200
Europe;Albania;"Table grapes production";2000;tonnes;70079
Europe;Albania;"Table grapes production";2001;tonnes;66452
Europe;Albania;"Table grapes production";2002;tonnes;77572
Europe;Albania;"Table grapes production";2003;tonnes;94119
Europe;Albania;"Table grapes production";2004;tonnes;87465
Europe;Albania;"Table grapes production";2005;tonnes;99382
Europe;Albania;"Table grapes production";2006;tonnes;108366
Europe;Albania;"Table grapes production";2007;tonnes;121284
Europe;Albania;"Table grapes production";2008;tonnes;128943
Europe;Albania;"Table grapes production";2009;tonnes;133642
Europe;Albania;"Table grapes production";2010;tonnes;155285
Europe;Albania;"Table grapes production";2011;tonnes;166694
Europe;Albania;"Table grapes production";2012;tonnes;164611
Europe;Albania;"Table grapes production";2013;tonnes;173859
Europe;Albania;"Table grapes production";2014;tonnes;174800
Europe;Albania;"Table grapes production";2015;tonnes;171784
Europe;Albania;"Table grapes production";2016;tonnes;174455
Africa;Algeria;"Table grapes production";1995;tonnes;115000
Africa;Algeria;"Table grapes production";1996;tonnes;137000
Africa;Algeria;"Table grapes production";1997;tonnes;145800
Africa;Algeria;"Table grapes production";1998;tonnes;118300
Africa;Algeria;"Table grapes production";1999;tonnes;134300
Africa;Algeria;"Table grapes production";2000;tonnes;145000
Africa;Algeria;"Table grapes production";2001;tonnes;139461
Africa;Algeria;"Table grapes production";2002;tonnes;164772
Africa;Algeria;"Table grapes production";2003;tonnes;174806
Africa;Algeria;"Table grapes production";2004;tonnes;169654
Africa;Algeria;"Table grapes production";2005;tonnes;209676
Africa;Algeria;"Table grapes production";2006;tonnes;244549
Africa;Algeria;"Table grapes production";2007;tonnes;171978
Africa;Algeria;"Table grapes production";2008;tonnes;298592
Africa;Algeria;"Table grapes production";2009;tonnes;402635
Africa;Algeria;"Table grapes production";2010;tonnes;468282
Africa;Algeria;"Table grapes production";2011;tonnes;310728
Africa;Algeria;"Table grapes production";2012;tonnes;446100
Africa;Algeria;"Table grapes production";2013;tonnes;476000
Africa;Algeria;"Table grapes production";2014;tonnes;424199
Africa;Algeria;"Table grapes production";2015;tonnes;472474
Africa;Algeria;"Table grapes production";2016;tonnes;467936
America;Argentina;"Table grapes production";1995;tonnes;33600
America;Argentina;"Table grapes production";1996;tonnes;33500
America;Argentina;"Table grapes production";1997;tonnes;38800
America;Argentina;"Table grapes production";1998;tonnes;44900
America;Argentina;"Table grapes production";1999;tonnes;52400
America;Argentina;"Table grapes production";2000;tonnes;37636
America;Argentina;"Table grapes production";2001;tonnes;30918
America;Argentina;"Table grapes production";2002;tonnes;41185
America;Argentina;"Table grapes production";2003;tonnes;81354
America;Argentina;"Table grapes production";2004;tonnes;91781
America;Argentina;"Table grapes production";2005;tonnes;103522
America;Argentina;"Table grapes production";2006;tonnes;114204
America;Argentina;"Table grapes production";2007;tonnes;110763
America;Argentina;"Table grapes production";2008;tonnes;113410
America;Argentina;"Table grapes production";2009;tonnes;77643
America;Argentina;"Table grapes production";2010;tonnes;88614
America;Argentina;"Table grapes production";2011;tonnes;90702
America;Argentina;"Table grapes production";2012;tonnes;72190
America;Argentina;"Table grapes production";2013;tonnes;44338
America;Argentina;"Table grapes production";2014;tonnes;37441
America;Argentina;"Table grapes production";2015;tonnes;44524
America;Argentina;"Table grapes production";2016;tonnes;39163
Asia;Armenia;"Table grapes production";1995;tonnes;100000
Asia;Armenia;"Table grapes production";1996;tonnes;83200
Asia;Armenia;"Table grapes production";1997;tonnes;57300
Asia;Armenia;"Table grapes production";1998;tonnes;53800
Asia;Armenia;"Table grapes production";1999;tonnes;46800
Asia;Armenia;"Table grapes production";2000;tonnes;35637
Asia;Armenia;"Table grapes production";2001;tonnes;56873
Asia;Armenia;"Table grapes production";2002;tonnes;53359
Asia;Armenia;"Table grapes production";2003;tonnes;37100
Asia;Armenia;"Table grapes production";2004;tonnes;30000
Asia;Armenia;"Table grapes production";2005;tonnes;80109
Asia;Armenia;"Table grapes production";2006;tonnes;67241
Asia;Armenia;"Table grapes production";2007;tonnes;74323
Asia;Armenia;"Table grapes production";2008;tonnes;47924
Asia;Armenia;"Table grapes production";2009;tonnes;80706
Asia;Armenia;"Table grapes production";2010;tonnes;93578
Asia;Armenia;"Table grapes production";2011;tonnes;100738
Asia;Armenia;"Table grapes production";2012;tonnes;84790
Asia;Armenia;"Table grapes production";2013;tonnes;73353
Asia;Armenia;"Table grapes production";2014;tonnes;104085
Asia;Armenia;"Table grapes production";2015;tonnes;92399
Asia;Armenia;"Table grapes production";2016;tonnes;100000
Oceania;Australia;"Table grapes production";1995;tonnes;39500
Oceania;Australia;"Table grapes production";1996;tonnes;53500
Oceania;Australia;"Table grapes production";1997;tonnes;60700
Oceania;Australia;"Table grapes production";1998;tonnes;62700
Oceania;Australia;"Table grapes production";1999;tonnes;65900
Oceania;Australia;"Table grapes production";2000;tonnes;66800
Oceania;Australia;"Table grapes production";2001;tonnes;64700
Oceania;Australia;"Table grapes production";2002;tonnes;86500
Oceania;Australia;"Table grapes production";2003;tonnes;75100
Oceania;Australia;"Table grapes production";2004;tonnes;68920
Oceania;Australia;"Table grapes production";2005;tonnes;72662
Oceania;Australia;"Table grapes production";2006;tonnes;81727
Oceania;Australia;"Table grapes production";2007;tonnes;78727
Oceania;Australia;"Table grapes production";2008;tonnes;63621
Oceania;Australia;"Table grapes production";2009;tonnes;69000
Oceania;Australia;"Table grapes production";2010;tonnes;65000
Oceania;Australia;"Table grapes production";2011;tonnes;106200
Oceania;Australia;"Table grapes production";2012;tonnes;107700
Oceania;Australia;"Table grapes production";2013;tonnes;120900
Oceania;Australia;"Table grapes production";2014;tonnes;126305
Oceania;Australia;"Table grapes production";2015;tonnes;129647
Oceania;Australia;"Table grapes production";2016;tonnes;140128
Asia;Azerbaijan;"Table grapes production";1995;tonnes;100000
Asia;Azerbaijan;"Table grapes production";1996;tonnes;219400
Asia;Azerbaijan;"Table grapes production";1997;tonnes;53500
Asia;Azerbaijan;"Table grapes production";1998;tonnes;113300
Asia;Azerbaijan;"Table grapes production";1999;tonnes;98800
Asia;Azerbaijan;"Table grapes production";2000;tonnes;62858
Asia;Azerbaijan;"Table grapes production";2001;tonnes;54280
Asia;Azerbaijan;"Table grapes production";2002;tonnes;50910
Asia;Azerbaijan;"Table grapes production";2003;tonnes;56072
Asia;Azerbaijan;"Table grapes production";2004;tonnes;46840
Asia;Azerbaijan;"Table grapes production";2005;tonnes;69650
Asia;Azerbaijan;"Table grapes production";2006;tonnes;82685
Asia;Azerbaijan;"Table grapes production";2007;tonnes;79858
Asia;Azerbaijan;"Table grapes production";2008;tonnes;85815
Asia;Azerbaijan;"Table grapes production";2009;tonnes;94600
Asia;Azerbaijan;"Table grapes production";2010;tonnes;91724
Asia;Azerbaijan;"Table grapes production";2011;tonnes;111103
Asia;Azerbaijan;"Table grapes production";2012;tonnes;127178
Asia;Azerbaijan;"Table grapes production";2013;tonnes;127800
Asia;Azerbaijan;"Table grapes production";2014;tonnes;121300
Asia;Azerbaijan;"Table grapes production";2015;tonnes;128000
Asia;Azerbaijan;"Table grapes production";2016;tonnes;130000
America;"Bolivia, Plurinational State";"Table grapes production";1995;tonnes;10500
America;"Bolivia, Plurinational State";"Table grapes production";1996;tonnes;12700
America;"Bolivia, Plurinational State";"Table grapes production";1997;tonnes;14500
America;"Bolivia, Plurinational State";"Table grapes production";1998;tonnes;12400
America;"Bolivia, Plurinational State";"Table grapes production";1999;tonnes;14500
America;"Bolivia, Plurinational State";"Table grapes production";2000;tonnes;15995
America;"Bolivia, Plurinational State";"Table grapes production";2001;tonnes;20805
America;"Bolivia, Plurinational State";"Table grapes production";2002;tonnes;21720
America;"Bolivia, Plurinational State";"Table grapes production";2003;tonnes;20484
America;"Bolivia, Plurinational State";"Table grapes production";2004;tonnes;17770
America;"Bolivia, Plurinational State";"Table grapes production";2005;tonnes;18739
America;"Bolivia, Plurinational State";"Table grapes production";2006;tonnes;18712
America;"Bolivia, Plurinational State";"Table grapes production";2007;tonnes;17960
America;"Bolivia, Plurinational State";"Table grapes production";2008;tonnes;17198
America;"Bolivia, Plurinational State";"Table grapes production";2009;tonnes;10686
America;"Bolivia, Plurinational State";"Table grapes production";2010;tonnes;11356
America;"Bolivia, Plurinational State";"Table grapes production";2011;tonnes;11227
America;"Bolivia, Plurinational State";"Table grapes production";2012;tonnes;11273
America;"Bolivia, Plurinational State";"Table grapes production";2013;tonnes;11956
America;"Bolivia, Plurinational State";"Table grapes production";2014;tonnes;11900
America;"Bolivia, Plurinational State";"Table grapes production";2015;tonnes;8426
America;"Bolivia, Plurinational State";"Table grapes production";2016;tonnes;8964
Europe;"Bosnia And Herzegovina";"Table grapes production";1995;tonnes;2900
Europe;"Bosnia And Herzegovina";"Table grapes production";1996;tonnes;500
Europe;"Bosnia And Herzegovina";"Table grapes production";1997;tonnes;3700
Europe;"Bosnia And Herzegovina";"Table grapes production";1998;tonnes;3000
Europe;"Bosnia And Herzegovina";"Table grapes production";1999;tonnes;3500
Europe;"Bosnia And Herzegovina";"Table grapes production";2000;tonnes;4485
Europe;"Bosnia And Herzegovina";"Table grapes production";2001;tonnes;4659
Europe;"Bosnia And Herzegovina";"Table grapes production";2002;tonnes;6429
Europe;"Bosnia And Herzegovina";"Table grapes production";2003;tonnes;6469
Europe;"Bosnia And Herzegovina";"Table grapes production";2004;tonnes;10943
Europe;"Bosnia And Herzegovina";"Table grapes production";2005;tonnes;13807
Europe;"Bosnia And Herzegovina";"Table grapes production";2006;tonnes;15726
Europe;"Bosnia And Herzegovina";"Table grapes production";2007;tonnes;12813
Europe;"Bosnia And Herzegovina";"Table grapes production";2008;tonnes;15188
Europe;"Bosnia And Herzegovina";"Table grapes production";2009;tonnes;18314
Europe;"Bosnia And Herzegovina";"Table grapes production";2010;tonnes;14629
Europe;"Bosnia And Herzegovina";"Table grapes production";2011;tonnes;14928
Europe;"Bosnia And Herzegovina";"Table grapes production";2012;tonnes;19539
Europe;"Bosnia And Herzegovina";"Table grapes production";2013;tonnes;23716
Europe;"Bosnia And Herzegovina";"Table grapes production";2014;tonnes;19300
Europe;"Bosnia And Herzegovina";"Table grapes production";2015;tonnes;24353
Europe;"Bosnia And Herzegovina";"Table grapes production";2016;tonnes;28674
America;Brazil;"Table grapes production";1995;tonnes;400000
America;Brazil;"Table grapes production";1996;tonnes;434700
America;Brazil;"Table grapes production";1997;tonnes;495500
America;Brazil;"Table grapes production";1998;tonnes;410000
America;Brazil;"Table grapes production";1999;tonnes;388500
America;Brazil;"Table grapes production";2000;tonnes;429300
America;Brazil;"Table grapes production";2001;tonnes;593800
America;Brazil;"Table grapes production";2002;tonnes;613800
America;Brazil;"Table grapes production";2003;tonnes;629000
America;Brazil;"Table grapes production";2004;tonnes;695400
America;Brazil;"Table grapes production";2005;tonnes;757600
America;Brazil;"Table grapes production";2006;tonnes;757700
America;Brazil;"Table grapes production";2007;tonnes;717800
America;Brazil;"Table grapes production";2008;tonnes;691200
America;Brazil;"Table grapes production";2009;tonnes;667550
America;Brazil;"Table grapes production";2010;tonnes;737540
America;Brazil;"Table grapes production";2011;tonnes;627400
America;Brazil;"Table grapes production";2012;tonnes;624894
America;Brazil;"Table grapes production";2013;tonnes;733061
America;Brazil;"Table grapes production";2014;tonnes;762652
America;Brazil;"Table grapes production";2015;tonnes;717941
America;Brazil;"Table grapes production";2016;tonnes;641436
Europe;Bulgaria;"Table grapes production";1995;tonnes;92200
Europe;Bulgaria;"Table grapes production";1996;tonnes;72100
Europe;Bulgaria;"Table grapes production";1997;tonnes;74600
Europe;Bulgaria;"Table grapes production";1998;tonnes;41400
Europe;Bulgaria;"Table grapes production";1999;tonnes;36700
Europe;Bulgaria;"Table grapes production";2000;tonnes;59800
Europe;Bulgaria;"Table grapes production";2001;tonnes;30000
Europe;Bulgaria;"Table grapes production";2002;tonnes;26700
Europe;Bulgaria;"Table grapes production";2003;tonnes;36100
Europe;Bulgaria;"Table grapes production";2004;tonnes;38700
Europe;Bulgaria;"Table grapes production";2005;tonnes;21600
Europe;Bulgaria;"Table grapes production";2006;tonnes;31800
Europe;Bulgaria;"Table grapes production";2007;tonnes;52500
Europe;Bulgaria;"Table grapes production";2008;tonnes;61856
Europe;Bulgaria;"Table grapes production";2009;tonnes;35877
Europe;Bulgaria;"Table grapes production";2010;tonnes;16344
Europe;Bulgaria;"Table grapes production";2011;tonnes;15380
Europe;Bulgaria;"Table grapes production";2012;tonnes;17087
Europe;Bulgaria;"Table grapes production";2013;tonnes;21051
Europe;Bulgaria;"Table grapes production";2014;tonnes;7079
Europe;Bulgaria;"Table grapes production";2015;tonnes;16320
Europe;Bulgaria;"Table grapes production";2016;tonnes;10066
America;Chile;"Table grapes production";1995;tonnes;482900
America;Chile;"Table grapes production";1996;tonnes;556000
America;Chile;"Table grapes production";1997;tonnes;563100
America;Chile;"Table grapes production";1998;tonnes;599300
America;Chile;"Table grapes production";1999;tonnes;590000
America;Chile;"Table grapes production";2000;tonnes;714586
America;Chile;"Table grapes production";2001;tonnes;670759
America;Chile;"Table grapes production";2002;tonnes;695920
America;Chile;"Table grapes production";2003;tonnes;928467
America;Chile;"Table grapes production";2004;tonnes;745160
America;Chile;"Table grapes production";2005;tonnes;788469
America;Chile;"Table grapes production";2006;tonnes;873167
America;Chile;"Table grapes production";2007;tonnes;825918
America;Chile;"Table grapes production";2008;tonnes;860452
America;Chile;"Table grapes production";2009;tonnes;887913
America;Chile;"Table grapes production";2010;tonnes;816083
America;Chile;"Table grapes production";2011;tonnes;890018
America;Chile;"Table grapes production";2012;tonnes;852266
America;Chile;"Table grapes production";2013;tonnes;898498
America;Chile;"Table grapes production";2014;tonnes;735120
America;Chile;"Table grapes production";2015;tonnes;754418
America;Chile;"Table grapes production";2016;tonnes;712810
Asia;China;"Table grapes production";1995;tonnes;734346
Asia;China;"Table grapes production";1996;tonnes;796459
Asia;China;"Table grapes production";1997;tonnes;747866
Asia;China;"Table grapes production";1998;tonnes;840262
Asia;China;"Table grapes production";1999;tonnes;1225559
Asia;China;"Table grapes production";2000;tonnes;1329729
Asia;China;"Table grapes production";2001;tonnes;1653643
Asia;China;"Table grapes production";2002;tonnes;2340552
Asia;China;"Table grapes production";2003;tonnes;2901687
Asia;China;"Table grapes production";2004;tonnes;3328862
Asia;China;"Table grapes production";2005;tonnes;3383063
Asia;China;"Table grapes production";2006;tonnes;3705903
Asia;China;"Table grapes production";2007;tonnes;3894038
Asia;China;"Table grapes production";2008;tonnes;4302434
Asia;China;"Table grapes production";2009;tonnes;4866716
Asia;China;"Table grapes production";2010;tonnes;5605077
Asia;China;"Table grapes production";2011;tonnes;6221869
Asia;China;"Table grapes production";2012;tonnes;7352917
Asia;China;"Table grapes production";2013;tonnes;8513450
Asia;China;"Table grapes production";2014;tonnes;9402615
Asia;China;"Table grapes production";2015;tonnes;10000000
Asia;China;"Table grapes production";2016;tonnes;10100000
Europe;Croatia;"Table grapes production";1995;tonnes;72200
Europe;Croatia;"Table grapes production";1996;tonnes;85500
Europe;Croatia;"Table grapes production";1997;tonnes;74700
Europe;Croatia;"Table grapes production";1998;tonnes;87600
Europe;Croatia;"Table grapes production";1999;tonnes;86000
Europe;Croatia;"Table grapes production";2000;tonnes;89400
Europe;Croatia;"Table grapes production";2001;tonnes;86795
Europe;Croatia;"Table grapes production";2002;tonnes;77019
Europe;Croatia;"Table grapes production";2003;tonnes;87427
Europe;Croatia;"Table grapes production";2004;tonnes;73416
Europe;Croatia;"Table grapes production";2005;tonnes;23322
Europe;Croatia;"Table grapes production";2006;tonnes;22394
Europe;Croatia;"Table grapes production";2007;tonnes;21242
Europe;Croatia;"Table grapes production";2008;tonnes;20863
Europe;Croatia;"Table grapes production";2009;tonnes;20095
Europe;Croatia;"Table grapes production";2010;tonnes;19666
Europe;Croatia;"Table grapes production";2011;tonnes;20057
Europe;Croatia;"Table grapes production";2012;tonnes;20198
Europe;Croatia;"Table grapes production";2013;tonnes;17426
Europe;Croatia;"Table grapes production";2014;tonnes;21433
Europe;Croatia;"Table grapes production";2015;tonnes;20640
Europe;Croatia;"Table grapes production";2016;tonnes;21141
Asia;Cyprus;"Table grapes production";1995;tonnes;19300
Asia;Cyprus;"Table grapes production";1996;tonnes;17600
Asia;Cyprus;"Table grapes production";1997;tonnes;16700
Asia;Cyprus;"Table grapes production";1998;tonnes;18000
Asia;Cyprus;"Table grapes production";1999;tonnes;18700
Asia;Cyprus;"Table grapes production";2000;tonnes;20200
Asia;Cyprus;"Table grapes production";2001;tonnes;18800
Asia;Cyprus;"Table grapes production";2002;tonnes;18100
Asia;Cyprus;"Table grapes production";2003;tonnes;16900
Asia;Cyprus;"Table grapes production";2004;tonnes;15700
Asia;Cyprus;"Table grapes production";2005;tonnes;17400
Asia;Cyprus;"Table grapes production";2006;tonnes;10000
Asia;Cyprus;"Table grapes production";2007;tonnes;19106
Asia;Cyprus;"Table grapes production";2008;tonnes;8556
Asia;Cyprus;"Table grapes production";2009;tonnes;2651
Asia;Cyprus;"Table grapes production";2010;tonnes;3300
Asia;Cyprus;"Table grapes production";2011;tonnes;6800
Asia;Cyprus;"Table grapes production";2012;tonnes;23400
Asia;Cyprus;"Table grapes production";2013;tonnes;6000
Asia;Cyprus;"Table grapes production";2014;tonnes;6000
Asia;Cyprus;"Table grapes production";2015;tonnes;5000
Asia;Cyprus;"Table grapes production";2016;tonnes;5000
Africa;Egypt;"Table grapes production";1995;tonnes;661600
Africa;Egypt;"Table grapes production";1996;tonnes;845300
Africa;Egypt;"Table grapes production";1997;tonnes;777000
Africa;Egypt;"Table grapes production";1998;tonnes;857800
Africa;Egypt;"Table grapes production";1999;tonnes;904300
Africa;Egypt;"Table grapes production";2000;tonnes;963926
Africa;Egypt;"Table grapes production";2001;tonnes;965320
Africa;Egypt;"Table grapes production";2002;tonnes;960936
Africa;Egypt;"Table grapes production";2003;tonnes;1069540
Africa;Egypt;"Table grapes production";2004;tonnes;1138391
Africa;Egypt;"Table grapes production";2005;tonnes;1244993
Africa;Egypt;"Table grapes production";2006;tonnes;1279859
Africa;Egypt;"Table grapes production";2007;tonnes;1322089
Africa;Egypt;"Table grapes production";2008;tonnes;1359339
Africa;Egypt;"Table grapes production";2009;tonnes;1218341
Africa;Egypt;"Table grapes production";2010;tonnes;1219344
Africa;Egypt;"Table grapes production";2011;tonnes;1183906
Africa;Egypt;"Table grapes production";2012;tonnes;1235234
Africa;Egypt;"Table grapes production";2013;tonnes;1285438
Africa;Egypt;"Table grapes production";2014;tonnes;1442368
Africa;Egypt;"Table grapes production";2015;tonnes;1576838
Africa;Egypt;"Table grapes production";2016;tonnes;1582427
Europe;France;"Table grapes production";1995;tonnes;107800
Europe;France;"Table grapes production";1996;tonnes;101000
Europe;France;"Table grapes production";1997;tonnes;86900
Europe;France;"Table grapes production";1998;tonnes;93800
Europe;France;"Table grapes production";1999;tonnes;105400
Europe;France;"Table grapes production";2000;tonnes;72872
Europe;France;"Table grapes production";2001;tonnes;79630
Europe;France;"Table grapes production";2002;tonnes;60937
Europe;France;"Table grapes production";2003;tonnes;57836
Europe;France;"Table grapes production";2004;tonnes;63334
Europe;France;"Table grapes production";2005;tonnes;56605
Europe;France;"Table grapes production";2006;tonnes;54403
Europe;France;"Table grapes production";2007;tonnes;51174
Europe;France;"Table grapes production";2008;tonnes;39807
Europe;France;"Table grapes production";2009;tonnes;49043
Europe;France;"Table grapes production";2010;tonnes;46774
Europe;France;"Table grapes production";2011;tonnes;48298
Europe;France;"Table grapes production";2012;tonnes;48445
Europe;France;"Table grapes production";2013;tonnes;37897
Europe;France;"Table grapes production";2014;tonnes;47968
Europe;France;"Table grapes production";2015;tonnes;45616
Europe;France;"Table grapes production";2016;tonnes;45592
Asia;Georgia;"Table grapes production";1995;tonnes;20000
Asia;Georgia;"Table grapes production";1996;tonnes;32000
Asia;Georgia;"Table grapes production";1997;tonnes;39000
Asia;Georgia;"Table grapes production";1998;tonnes;30000
Asia;Georgia;"Table grapes production";1999;tonnes;23800
Asia;Georgia;"Table grapes production";2000;tonnes;23000
Asia;Georgia;"Table grapes production";2001;tonnes;12300
Asia;Georgia;"Table grapes production";2002;tonnes;10700
Asia;Georgia;"Table grapes production";2003;tonnes;23000
Asia;Georgia;"Table grapes production";2004;tonnes;14000
Asia;Georgia;"Table grapes production";2005;tonnes;16000
Asia;Georgia;"Table grapes production";2006;tonnes;14200
Asia;Georgia;"Table grapes production";2007;tonnes;15000
Asia;Georgia;"Table grapes production";2008;tonnes;12554
Asia;Georgia;"Table grapes production";2009;tonnes;6764
Asia;Georgia;"Table grapes production";2010;tonnes;9000
Asia;Georgia;"Table grapes production";2011;tonnes;7998
Asia;Georgia;"Table grapes production";2012;tonnes;8799
Asia;Georgia;"Table grapes production";2013;tonnes;9221
Asia;Georgia;"Table grapes production";2014;tonnes;8545
Asia;Georgia;"Table grapes production";2015;tonnes;8713
Asia;Georgia;"Table grapes production";2016;tonnes;8655
Europe;Greece;"Table grapes production";1995;tonnes;221700
Europe;Greece;"Table grapes production";1996;tonnes;201700
Europe;Greece;"Table grapes production";1997;tonnes;262400
Europe;Greece;"Table grapes production";1998;tonnes;263200
Europe;Greece;"Table grapes production";1999;tonnes;178300
Europe;Greece;"Table grapes production";2000;tonnes;243700
Europe;Greece;"Table grapes production";2001;tonnes;281755
Europe;Greece;"Table grapes production";2002;tonnes;200300
Europe;Greece;"Table grapes production";2003;tonnes;193100
Europe;Greece;"Table grapes production";2004;tonnes;199600
Europe;Greece;"Table grapes production";2005;tonnes;218100
Europe;Greece;"Table grapes production";2006;tonnes;256900
Europe;Greece;"Table grapes production";2007;tonnes;213000
Europe;Greece;"Table grapes production";2008;tonnes;183775
Europe;Greece;"Table grapes production";2009;tonnes;190178
Europe;Greece;"Table grapes production";2010;tonnes;262727
Europe;Greece;"Table grapes production";2011;tonnes;230339
Europe;Greece;"Table grapes production";2012;tonnes;241137
Europe;Greece;"Table grapes production";2013;tonnes;298738
Europe;Greece;"Table grapes production";2014;tonnes;248208
Europe;Greece;"Table grapes production";2015;tonnes;260148
Europe;Greece;"Table grapes production";2016;tonnes;265147
Asia;"Hong Kong, China";"Table grapes production";1995;tonnes;0
Asia;"Hong Kong, China";"Table grapes production";1996;tonnes;0
Asia;"Hong Kong, China";"Table grapes production";1997;tonnes;0
Asia;"Hong Kong, China";"Table grapes production";1998;tonnes;0
Asia;"Hong Kong, China";"Table grapes production";1999;tonnes;0
Asia;"Hong Kong, China";"Table grapes production";2000;tonnes;0
Asia;"Hong Kong, China";"Table grapes production";2001;tonnes;0
Asia;"Hong Kong, China";"Table grapes production";2002;tonnes;0
Asia;"Hong Kong, China";"Table grapes production";2003;tonnes;0
Asia;"Hong Kong, China";"Table grapes production";2004;tonnes;0
Asia;"Hong Kong, China";"Table grapes production";2005;tonnes;0
Asia;"Hong Kong, China";"Table grapes production";2006;tonnes;0
Asia;"Hong Kong, China";"Table grapes production";2007;tonnes;0
Asia;"Hong Kong, China";"Table grapes production";2008;tonnes;0
Asia;"Hong Kong, China";"Table grapes production";2009;tonnes;0
Asia;"Hong Kong, China";"Table grapes production";2010;tonnes;0
Asia;"Hong Kong, China";"Table grapes production";2011;tonnes;0
Asia;"Hong Kong, China";"Table grapes production";2012;tonnes;0
Asia;"Hong Kong, China";"Table grapes production";2013;tonnes;0
Asia;"Hong Kong, China";"Table grapes production";2014;tonnes;0
Asia;"Hong Kong, China";"Table grapes production";2015;tonnes;0
Asia;"Hong Kong, China";"Table grapes production";2016;tonnes;0
Europe;Hungary;"Table grapes production";1995;tonnes;50900
Europe;Hungary;"Table grapes production";1996;tonnes;38400
Europe;Hungary;"Table grapes production";1997;tonnes;44700
Europe;Hungary;"Table grapes production";1998;tonnes;69600
Europe;Hungary;"Table grapes production";1999;tonnes;76300
Europe;Hungary;"Table grapes production";2000;tonnes;73834
Europe;Hungary;"Table grapes production";2001;tonnes;49207
Europe;Hungary;"Table grapes production";2002;tonnes;42100
Europe;Hungary;"Table grapes production";2003;tonnes;34675
Europe;Hungary;"Table grapes production";2004;tonnes;74956
Europe;Hungary;"Table grapes production";2005;tonnes;31650
Europe;Hungary;"Table grapes production";2006;tonnes;41643
Europe;Hungary;"Table grapes production";2007;tonnes;62382
Europe;Hungary;"Table grapes production";2008;tonnes;60452
Europe;Hungary;"Table grapes production";2009;tonnes;73180
Europe;Hungary;"Table grapes production";2010;tonnes;43750
Europe;Hungary;"Table grapes production";2011;tonnes;54234
Europe;Hungary;"Table grapes production";2012;tonnes;84303
Europe;Hungary;"Table grapes production";2013;tonnes;49494
Europe;Hungary;"Table grapes production";2014;tonnes;13365
Europe;Hungary;"Table grapes production";2015;tonnes;13162
Europe;Hungary;"Table grapes production";2016;tonnes;14174
Asia;India;"Table grapes production";1995;tonnes;630000
Asia;India;"Table grapes production";1996;tonnes;720000
Asia;India;"Table grapes production";1997;tonnes;729000
Asia;India;"Table grapes production";1998;tonnes;873000
Asia;India;"Table grapes production";1999;tonnes;974700
Asia;India;"Table grapes production";2000;tonnes;902678
Asia;India;"Table grapes production";2001;tonnes;845520
Asia;India;"Table grapes production";2002;tonnes;943677
Asia;India;"Table grapes production";2003;tonnes;993289
Asia;India;"Table grapes production";2004;tonnes;1174460
Asia;India;"Table grapes production";2005;tonnes;1245226
Asia;India;"Table grapes production";2006;tonnes;1309918
Asia;India;"Table grapes production";2007;tonnes;1335502
Asia;India;"Table grapes production";2008;tonnes;1374876
Asia;India;"Table grapes production";2009;tonnes;1484432
Asia;India;"Table grapes production";2010;tonnes;685535
Asia;India;"Table grapes production";2011;tonnes;972409
Asia;India;"Table grapes production";2012;tonnes;1760646
Asia;India;"Table grapes production";2013;tonnes;1967120
Asia;India;"Table grapes production";2014;tonnes;2058551
Asia;India;"Table grapes production";2015;tonnes;1843796
Asia;India;"Table grapes production";2016;tonnes;1976487
Asia;"Iran, Islamic Republic";"Table grapes production";1995;tonnes;1307722
Asia;"Iran, Islamic Republic";"Table grapes production";1996;tonnes;1441574
Asia;"Iran, Islamic Republic";"Table grapes production";1997;tonnes;1518789
Asia;"Iran, Islamic Republic";"Table grapes production";1998;tonnes;1542373
Asia;"Iran, Islamic Republic";"Table grapes production";1999;tonnes;1544615
Asia;"Iran, Islamic Republic";"Table grapes production";2000;tonnes;1159035
Asia;"Iran, Islamic Republic";"Table grapes production";2001;tonnes;1560080
Asia;"Iran, Islamic Republic";"Table grapes production";2002;tonnes;1738371
Asia;"Iran, Islamic Republic";"Table grapes production";2003;tonnes;1791524
Asia;"Iran, Islamic Republic";"Table grapes production";2004;tonnes;1713853
Asia;"Iran, Islamic Republic";"Table grapes production";2005;tonnes;1761636
Asia;"Iran, Islamic Republic";"Table grapes production";2006;tonnes;1601639
Asia;"Iran, Islamic Republic";"Table grapes production";2007;tonnes;2275385
Asia;"Iran, Islamic Republic";"Table grapes production";2008;tonnes;933554
Asia;"Iran, Islamic Republic";"Table grapes production";2009;tonnes;1188647
Asia;"Iran, Islamic Republic";"Table grapes production";2010;tonnes;1474921
Asia;"Iran, Islamic Republic";"Table grapes production";2011;tonnes;1529360
Asia;"Iran, Islamic Republic";"Table grapes production";2012;tonnes;1471973
Asia;"Iran, Islamic Republic";"Table grapes production";2013;tonnes;1819744
Asia;"Iran, Islamic Republic";"Table grapes production";2014;tonnes;1735734
Asia;"Iran, Islamic Republic";"Table grapes production";2015;tonnes;1838670
Asia;"Iran, Islamic Republic";"Table grapes production";2016;tonnes;1574770
Asia;Iraq;"Table grapes production";1995;tonnes;270000
Asia;Iraq;"Table grapes production";1996;tonnes;279000
Asia;Iraq;"Table grapes production";1997;tonnes;270000
Asia;Iraq;"Table grapes production";1998;tonnes;274500
Asia;Iraq;"Table grapes production";1999;tonnes;246600
Asia;Iraq;"Table grapes production";2000;tonnes;249300
Asia;Iraq;"Table grapes production";2001;tonnes;270000
Asia;Iraq;"Table grapes production";2002;tonnes;301500
Asia;Iraq;"Table grapes production";2003;tonnes;225000
Asia;Iraq;"Table grapes production";2004;tonnes;189000
Asia;Iraq;"Table grapes production";2005;tonnes;166500
Asia;Iraq;"Table grapes production";2006;tonnes;166500
Asia;Iraq;"Table grapes production";2007;tonnes;165600
Asia;Iraq;"Table grapes production";2008;tonnes;182901
Asia;Iraq;"Table grapes production";2009;tonnes;185968
Asia;Iraq;"Table grapes production";2010;tonnes;203033
Asia;Iraq;"Table grapes production";2011;tonnes;216499
Asia;Iraq;"Table grapes production";2012;tonnes;230959
Asia;Iraq;"Table grapes production";2013;tonnes;257919
Asia;Iraq;"Table grapes production";2014;tonnes;240458
Asia;Iraq;"Table grapes production";2015;tonnes;89416
Asia;Iraq;"Table grapes production";2016;tonnes;89868
Europe;Israel;"Table grapes production";1995;tonnes;64500
Europe;Israel;"Table grapes production";1996;tonnes;69900
Europe;Israel;"Table grapes production";1997;tonnes;70700
Europe;Israel;"Table grapes production";1998;tonnes;71100
Europe;Israel;"Table grapes production";1999;tonnes;70600
Europe;Israel;"Table grapes production";2000;tonnes;87406
Europe;Israel;"Table grapes production";2001;tonnes;109402
Europe;Israel;"Table grapes production";2002;tonnes;112597
Europe;Israel;"Table grapes production";2003;tonnes;91635
Europe;Israel;"Table grapes production";2004;tonnes;103549
Europe;Israel;"Table grapes production";2005;tonnes;90036
Europe;Israel;"Table grapes production";2006;tonnes;90536
Europe;Israel;"Table grapes production";2007;tonnes;80123
Europe;Israel;"Table grapes production";2008;tonnes;63275
Europe;Israel;"Table grapes production";2009;tonnes;57528
Europe;Israel;"Table grapes production";2010;tonnes;59818
Europe;Israel;"Table grapes production";2011;tonnes;52665
Europe;Israel;"Table grapes production";2012;tonnes;45939
Europe;Israel;"Table grapes production";2013;tonnes;41450
Europe;Israel;"Table grapes production";2014;tonnes;38443
Europe;Israel;"Table grapes production";2015;tonnes;37775
Europe;Israel;"Table grapes production";2016;tonnes;37777
Europe;Italy;"Table grapes production";1995;tonnes;775100
Europe;Italy;"Table grapes production";1996;tonnes;1108600
Europe;Italy;"Table grapes production";1997;tonnes;1244100
Europe;Italy;"Table grapes production";1998;tonnes;1205000
Europe;Italy;"Table grapes production";1999;tonnes;1229500
Europe;Italy;"Table grapes production";2000;tonnes;1410500
Europe;Italy;"Table grapes production";2001;tonnes;1285000
Europe;Italy;"Table grapes production";2002;tonnes;1359600
Europe;Italy;"Table grapes production";2003;tonnes;1479800
Europe;Italy;"Table grapes production";2004;tonnes;1418438
Europe;Italy;"Table grapes production";2005;tonnes;1661232
Europe;Italy;"Table grapes production";2006;tonnes;1505853
Europe;Italy;"Table grapes production";2007;tonnes;1354363
Europe;Italy;"Table grapes production";2008;tonnes;1368255
Europe;Italy;"Table grapes production";2009;tonnes;1341300
Europe;Italy;"Table grapes production";2010;tonnes;1361000
Europe;Italy;"Table grapes production";2011;tonnes;1207200
Europe;Italy;"Table grapes production";2012;tonnes;1056600
Europe;Italy;"Table grapes production";2013;tonnes;1108300
Europe;Italy;"Table grapes production";2014;tonnes;1037700
Europe;Italy;"Table grapes production";2015;tonnes;1060300
Europe;Italy;"Table grapes production";2016;tonnes;1057543
Asia;Japan;"Table grapes production";1995;tonnes;125800
Asia;Japan;"Table grapes production";1996;tonnes;124500
Asia;Japan;"Table grapes production";1997;tonnes;127000
Asia;Japan;"Table grapes production";1998;tonnes;121000
Asia;Japan;"Table grapes production";1999;tonnes;117700
Asia;Japan;"Table grapes production";2000;tonnes;53378
Asia;Japan;"Table grapes production";2001;tonnes;24625
Asia;Japan;"Table grapes production";2002;tonnes;29269
Asia;Japan;"Table grapes production";2003;tonnes;44596
Asia;Japan;"Table grapes production";2004;tonnes;31793
Asia;Japan;"Table grapes production";2005;tonnes;41750
Asia;Japan;"Table grapes production";2006;tonnes;42024
Asia;Japan;"Table grapes production";2007;tonnes;79682
Asia;Japan;"Table grapes production";2008;tonnes;69218
Asia;Japan;"Table grapes production";2009;tonnes;59893
Asia;Japan;"Table grapes production";2010;tonnes;41763
Asia;Japan;"Table grapes production";2011;tonnes;25448
Asia;Japan;"Table grapes production";2012;tonnes;44251
Asia;Japan;"Table grapes production";2013;tonnes;36841
Asia;Japan;"Table grapes production";2014;tonnes;59849
Asia;Japan;"Table grapes production";2015;tonnes;72316
Asia;Japan;"Table grapes production";2016;tonnes;64684
Asia;Jordan;"Table grapes production";1995;tonnes;21486
Asia;Jordan;"Table grapes production";1996;tonnes;18835
Asia;Jordan;"Table grapes production";1997;tonnes;15740
Asia;Jordan;"Table grapes production";1998;tonnes;15810
Asia;Jordan;"Table grapes production";1999;tonnes;15947
Asia;Jordan;"Table grapes production";2000;tonnes;20951
Asia;Jordan;"Table grapes production";2001;tonnes;23842
Asia;Jordan;"Table grapes production";2002;tonnes;30906
Asia;Jordan;"Table grapes production";2003;tonnes;24500
Asia;Jordan;"Table grapes production";2004;tonnes;28700
Asia;Jordan;"Table grapes production";2005;tonnes;29069
Asia;Jordan;"Table grapes production";2006;tonnes;26214
Asia;Jordan;"Table grapes production";2007;tonnes;20150
Asia;Jordan;"Table grapes production";2008;tonnes;21237
Asia;Jordan;"Table grapes production";2009;tonnes;29983
Asia;Jordan;"Table grapes production";2010;tonnes;25860
Asia;Jordan;"Table grapes production";2011;tonnes;33806
Asia;Jordan;"Table grapes production";2012;tonnes;33500
Asia;Jordan;"Table grapes production";2013;tonnes;33100
Asia;Jordan;"Table grapes production";2014;tonnes;32600
Asia;Jordan;"Table grapes production";2015;tonnes;58963
Asia;Jordan;"Table grapes production";2016;tonnes;59023
Asia;Kazakhstan;"Table grapes production";1995;tonnes;49210
Asia;Kazakhstan;"Table grapes production";1996;tonnes;18855
Asia;Kazakhstan;"Table grapes production";1997;tonnes;6264
Asia;Kazakhstan;"Table grapes production";1998;tonnes;3655
Asia;Kazakhstan;"Table grapes production";1999;tonnes;4764
Asia;Kazakhstan;"Table grapes production";2000;tonnes;23929
Asia;Kazakhstan;"Table grapes production";2001;tonnes;23910
Asia;Kazakhstan;"Table grapes production";2002;tonnes;0
Asia;Kazakhstan;"Table grapes production";2003;tonnes;0
Asia;Kazakhstan;"Table grapes production";2004;tonnes;26845
Asia;Kazakhstan;"Table grapes production";2005;tonnes;17292
Asia;Kazakhstan;"Table grapes production";2006;tonnes;20800
Asia;Kazakhstan;"Table grapes production";2007;tonnes;26943
Asia;Kazakhstan;"Table grapes production";2008;tonnes;16118
Asia;Kazakhstan;"Table grapes production";2009;tonnes;30743
Asia;Kazakhstan;"Table grapes production";2010;tonnes;31360
Asia;Kazakhstan;"Table grapes production";2011;tonnes;33945
Asia;Kazakhstan;"Table grapes production";2012;tonnes;48217
Asia;Kazakhstan;"Table grapes production";2013;tonnes;37715
Asia;Kazakhstan;"Table grapes production";2014;tonnes;38198
Asia;Kazakhstan;"Table grapes production";2015;tonnes;28565
Asia;Kazakhstan;"Table grapes production";2016;tonnes;35853
Asia;"Korea, Republic";"Table grapes production";1995;tonnes;284800
Asia;"Korea, Republic";"Table grapes production";1996;tonnes;321300
Asia;"Korea, Republic";"Table grapes production";1997;tonnes;344300
Asia;"Korea, Republic";"Table grapes production";1998;tonnes;357900
Asia;"Korea, Republic";"Table grapes production";1999;tonnes;365700
Asia;"Korea, Republic";"Table grapes production";2000;tonnes;428035
Asia;"Korea, Republic";"Table grapes production";2001;tonnes;408220
Asia;"Korea, Republic";"Table grapes production";2002;tonnes;379832
Asia;"Korea, Republic";"Table grapes production";2003;tonnes;338787
Asia;"Korea, Republic";"Table grapes production";2004;tonnes;331110
Asia;"Korea, Republic";"Table grapes production";2005;tonnes;343292
Asia;"Korea, Republic";"Table grapes production";2006;tonnes;297044
Asia;"Korea, Republic";"Table grapes production";2007;tonnes;295812
Asia;"Korea, Republic";"Table grapes production";2008;tonnes;300240
Asia;"Korea, Republic";"Table grapes production";2009;tonnes;299700
Asia;"Korea, Republic";"Table grapes production";2010;tonnes;274950
Asia;"Korea, Republic";"Table grapes production";2011;tonnes;242280
Asia;"Korea, Republic";"Table grapes production";2012;tonnes;250125
Asia;"Korea, Republic";"Table grapes production";2013;tonnes;234252
Asia;"Korea, Republic";"Table grapes production";2014;tonnes;260261
Asia;"Korea, Republic";"Table grapes production";2015;tonnes;235645
Asia;"Korea, Republic";"Table grapes production";2016;tonnes;223209
Asia;Kyrgyzstan;"Table grapes production";1995;tonnes;8800
Asia;Kyrgyzstan;"Table grapes production";1996;tonnes;15100
Asia;Kyrgyzstan;"Table grapes production";1997;tonnes;18600
Asia;Kyrgyzstan;"Table grapes production";1998;tonnes;13100
Asia;Kyrgyzstan;"Table grapes production";1999;tonnes;11400
Asia;Kyrgyzstan;"Table grapes production";2000;tonnes;19400
Asia;Kyrgyzstan;"Table grapes production";2001;tonnes;22000
Asia;Kyrgyzstan;"Table grapes production";2002;tonnes;8500
Asia;Kyrgyzstan;"Table grapes production";2003;tonnes;7600
Asia;Kyrgyzstan;"Table grapes production";2004;tonnes;9600
Asia;Kyrgyzstan;"Table grapes production";2005;tonnes;7170
Asia;Kyrgyzstan;"Table grapes production";2006;tonnes;8704
Asia;Kyrgyzstan;"Table grapes production";2007;tonnes;6165
Asia;Kyrgyzstan;"Table grapes production";2008;tonnes;5308
Asia;Kyrgyzstan;"Table grapes production";2009;tonnes;2218
Asia;Kyrgyzstan;"Table grapes production";2010;tonnes;455
Asia;Kyrgyzstan;"Table grapes production";2011;tonnes;3655
Asia;Kyrgyzstan;"Table grapes production";2012;tonnes;2097
Asia;Kyrgyzstan;"Table grapes production";2013;tonnes;1344
Asia;Kyrgyzstan;"Table grapes production";2014;tonnes;1131
Asia;Kyrgyzstan;"Table grapes production";2015;tonnes;0
Asia;Kyrgyzstan;"Table grapes production";2016;tonnes;200
Asia;Lebanon;"Table grapes production";1995;tonnes;78400
Asia;Lebanon;"Table grapes production";1996;tonnes;62200
Asia;Lebanon;"Table grapes production";1997;tonnes;68500
Asia;Lebanon;"Table grapes production";1998;tonnes;72500
Asia;Lebanon;"Table grapes production";1999;tonnes;78700
Asia;Lebanon;"Table grapes production";2000;tonnes;67826
Asia;Lebanon;"Table grapes production";2001;tonnes;72611
Asia;Lebanon;"Table grapes production";2002;tonnes;60046
Asia;Lebanon;"Table grapes production";2003;tonnes;77705
Asia;Lebanon;"Table grapes production";2004;tonnes;80944
Asia;Lebanon;"Table grapes production";2005;tonnes;68941
Asia;Lebanon;"Table grapes production";2006;tonnes;73029
Asia;Lebanon;"Table grapes production";2007;tonnes;83481
Asia;Lebanon;"Table grapes production";2008;tonnes;84863
Asia;Lebanon;"Table grapes production";2009;tonnes;95951
Asia;Lebanon;"Table grapes production";2010;tonnes;86740
Asia;Lebanon;"Table grapes production";2011;tonnes;67044
Asia;Lebanon;"Table grapes production";2012;tonnes;74811
Asia;Lebanon;"Table grapes production";2013;tonnes;71986
Asia;Lebanon;"Table grapes production";2014;tonnes;72892
Asia;Lebanon;"Table grapes production";2015;tonnes;61842
Asia;Lebanon;"Table grapes production";2016;tonnes;64216
Africa;Libya;"Table grapes production";1995;tonnes;26997
Africa;Libya;"Table grapes production";1996;tonnes;32393
Africa;Libya;"Table grapes production";1997;tonnes;34013
Africa;Libya;"Table grapes production";1998;tonnes;34193
Africa;Libya;"Table grapes production";1999;tonnes;34730
Africa;Libya;"Table grapes production";2000;tonnes;45034
Africa;Libya;"Table grapes production";2001;tonnes;36100
Africa;Libya;"Table grapes production";2002;tonnes;27010
Africa;Libya;"Table grapes production";2003;tonnes;27010
Africa;Libya;"Table grapes production";2004;tonnes;27000
Africa;Libya;"Table grapes production";2005;tonnes;29859
Africa;Libya;"Table grapes production";2006;tonnes;28800
Africa;Libya;"Table grapes production";2007;tonnes;27655
Africa;Libya;"Table grapes production";2008;tonnes;27979
Africa;Libya;"Table grapes production";2009;tonnes;27920
Africa;Libya;"Table grapes production";2010;tonnes;32639
Africa;Libya;"Table grapes production";2011;tonnes;33801
Africa;Libya;"Table grapes production";2012;tonnes;31515
Africa;Libya;"Table grapes production";2013;tonnes;29959
Africa;Libya;"Table grapes production";2014;tonnes;31136
Africa;Libya;"Table grapes production";2015;tonnes;31306
Africa;Libya;"Table grapes production";2016;tonnes;31215
Asia;"Macao, China";"Table grapes production";1995;tonnes;0
Asia;"Macao, China";"Table grapes production";1996;tonnes;0
Asia;"Macao, China";"Table grapes production";1997;tonnes;0
Asia;"Macao, China";"Table grapes production";1998;tonnes;0
Asia;"Macao, China";"Table grapes production";1999;tonnes;0
Asia;"Macao, China";"Table grapes production";2000;tonnes;0
Asia;"Macao, China";"Table grapes production";2001;tonnes;0
Asia;"Macao, China";"Table grapes production";2002;tonnes;0
Asia;"Macao, China";"Table grapes production";2003;tonnes;0
Asia;"Macao, China";"Table grapes production";2004;tonnes;0
Asia;"Macao, China";"Table grapes production";2005;tonnes;0
Asia;"Macao, China";"Table grapes production";2006;tonnes;0
Asia;"Macao, China";"Table grapes production";2007;tonnes;0
Asia;"Macao, China";"Table grapes production";2008;tonnes;0
Asia;"Macao, China";"Table grapes production";2009;tonnes;0
Asia;"Macao, China";"Table grapes production";2010;tonnes;0
Asia;"Macao, China";"Table grapes production";2011;tonnes;0
Asia;"Macao, China";"Table grapes production";2012;tonnes;0
Asia;"Macao, China";"Table grapes production";2013;tonnes;0
Asia;"Macao, China";"Table grapes production";2014;tonnes;0
Asia;"Macao, China";"Table grapes production";2015;tonnes;0
Asia;"Macao, China";"Table grapes production";2016;tonnes;0
America;Mexico;"Table grapes production";1995;tonnes;243200
America;Mexico;"Table grapes production";1996;tonnes;196900
America;Mexico;"Table grapes production";1997;tonnes;231500
America;Mexico;"Table grapes production";1998;tonnes;262000
America;Mexico;"Table grapes production";1999;tonnes;253700
America;Mexico;"Table grapes production";2000;tonnes;206520
America;Mexico;"Table grapes production";2001;tonnes;211655
America;Mexico;"Table grapes production";2002;tonnes;202291
America;Mexico;"Table grapes production";2003;tonnes;285178
America;Mexico;"Table grapes production";2004;tonnes;142766
America;Mexico;"Table grapes production";2005;tonnes;257351
America;Mexico;"Table grapes production";2006;tonnes;153971
America;Mexico;"Table grapes production";2007;tonnes;256267
America;Mexico;"Table grapes production";2008;tonnes;219116
America;Mexico;"Table grapes production";2009;tonnes;204109
America;Mexico;"Table grapes production";2010;tonnes;252615
America;Mexico;"Table grapes production";2011;tonnes;220499
America;Mexico;"Table grapes production";2012;tonnes;313607
America;Mexico;"Table grapes production";2013;tonnes;259473
America;Mexico;"Table grapes production";2014;tonnes;246858
America;Mexico;"Table grapes production";2015;tonnes;282552
America;Mexico;"Table grapes production";2016;tonnes;256420
Europe;"Moldova, Republic";"Table grapes production";1995;tonnes;80400
Europe;"Moldova, Republic";"Table grapes production";1996;tonnes;84900
Europe;"Moldova, Republic";"Table grapes production";1997;tonnes;101600
Europe;"Moldova, Republic";"Table grapes production";1998;tonnes;35300
Europe;"Moldova, Republic";"Table grapes production";1999;tonnes;102300
Europe;"Moldova, Republic";"Table grapes production";2000;tonnes;87551
Europe;"Moldova, Republic";"Table grapes production";2001;tonnes;76381
Europe;"Moldova, Republic";"Table grapes production";2002;tonnes;54296
Europe;"Moldova, Republic";"Table grapes production";2003;tonnes;41580
Europe;"Moldova, Republic";"Table grapes production";2004;tonnes;34680
Europe;"Moldova, Republic";"Table grapes production";2005;tonnes;47680
Europe;"Moldova, Republic";"Table grapes production";2006;tonnes;59865
Europe;"Moldova, Republic";"Table grapes production";2007;tonnes;78215
Europe;"Moldova, Republic";"Table grapes production";2008;tonnes;58985
Europe;"Moldova, Republic";"Table grapes production";2009;tonnes;90769
Europe;"Moldova, Republic";"Table grapes production";2010;tonnes;45387
Europe;"Moldova, Republic";"Table grapes production";2011;tonnes;73600
Europe;"Moldova, Republic";"Table grapes production";2012;tonnes;62725
Europe;"Moldova, Republic";"Table grapes production";2013;tonnes;77834
Europe;"Moldova, Republic";"Table grapes production";2014;tonnes;91484
Europe;"Moldova, Republic";"Table grapes production";2015;tonnes;85000
Europe;"Moldova, Republic";"Table grapes production";2016;tonnes;85100
Europe;Montenegro;"Table grapes production";1995;tonnes;0
Europe;Montenegro;"Table grapes production";1996;tonnes;0
Europe;Montenegro;"Table grapes production";1997;tonnes;0
Europe;Montenegro;"Table grapes production";1998;tonnes;0
Europe;Montenegro;"Table grapes production";1999;tonnes;0
Europe;Montenegro;"Table grapes production";2000;tonnes;0
Europe;Montenegro;"Table grapes production";2001;tonnes;0
Europe;Montenegro;"Table grapes production";2002;tonnes;0
Europe;Montenegro;"Table grapes production";2003;tonnes;0
Europe;Montenegro;"Table grapes production";2004;tonnes;0
Europe;Montenegro;"Table grapes production";2005;tonnes;0
Europe;Montenegro;"Table grapes production";2006;tonnes;15129
Europe;Montenegro;"Table grapes production";2007;tonnes;13799
Europe;Montenegro;"Table grapes production";2008;tonnes;16639
Europe;Montenegro;"Table grapes production";2009;tonnes;11382
Europe;Montenegro;"Table grapes production";2010;tonnes;12206
Europe;Montenegro;"Table grapes production";2011;tonnes;12980
Europe;Montenegro;"Table grapes production";2012;tonnes;18146
Europe;Montenegro;"Table grapes production";2013;tonnes;21700
Europe;Montenegro;"Table grapes production";2014;tonnes;17725
Europe;Montenegro;"Table grapes production";2015;tonnes;16551
Europe;Montenegro;"Table grapes production";2016;tonnes;17420
Africa;Morocco;"Table grapes production";1995;tonnes;149800
Africa;Morocco;"Table grapes production";1996;tonnes;151100
Africa;Morocco;"Table grapes production";1997;tonnes;254900
Africa;Morocco;"Table grapes production";1998;tonnes;218300
Africa;Morocco;"Table grapes production";1999;tonnes;275900
Africa;Morocco;"Table grapes production";2000;tonnes;210900
Africa;Morocco;"Table grapes production";2001;tonnes;201000
Africa;Morocco;"Table grapes production";2002;tonnes;242700
Africa;Morocco;"Table grapes production";2003;tonnes;226000
Africa;Morocco;"Table grapes production";2004;tonnes;221300
Africa;Morocco;"Table grapes production";2005;tonnes;229800
Africa;Morocco;"Table grapes production";2006;tonnes;260500
Africa;Morocco;"Table grapes production";2007;tonnes;218000
Africa;Morocco;"Table grapes production";2008;tonnes;229264
Africa;Morocco;"Table grapes production";2009;tonnes;281892
Africa;Morocco;"Table grapes production";2010;tonnes;282674
Africa;Morocco;"Table grapes production";2011;tonnes;317577
Africa;Morocco;"Table grapes production";2012;tonnes;278741
Africa;Morocco;"Table grapes production";2013;tonnes;278411
Africa;Morocco;"Table grapes production";2014;tonnes;296013
Africa;Morocco;"Table grapes production";2015;tonnes;341709
Africa;Morocco;"Table grapes production";2016;tonnes;297317
America;Peru;"Table grapes production";1995;tonnes;27259
America;Peru;"Table grapes production";1996;tonnes;23797
America;Peru;"Table grapes production";1997;tonnes;40706
America;Peru;"Table grapes production";1998;tonnes;10900
America;Peru;"Table grapes production";1999;tonnes;24300
America;Peru;"Table grapes production";2000;tonnes;58023
America;Peru;"Table grapes production";2001;tonnes;74299
America;Peru;"Table grapes production";2002;tonnes;64797
America;Peru;"Table grapes production";2003;tonnes;63540
America;Peru;"Table grapes production";2004;tonnes;68438
America;Peru;"Table grapes production";2005;tonnes;66349
America;Peru;"Table grapes production";2006;tonnes;84656
America;Peru;"Table grapes production";2007;tonnes;68736
America;Peru;"Table grapes production";2008;tonnes;129290
America;Peru;"Table grapes production";2009;tonnes;234843
America;Peru;"Table grapes production";2010;tonnes;245259
America;Peru;"Table grapes production";2011;tonnes;209693
America;Peru;"Table grapes production";2012;tonnes;222829
America;Peru;"Table grapes production";2013;tonnes;285979
America;Peru;"Table grapes production";2014;tonnes;330492
America;Peru;"Table grapes production";2015;tonnes;459371
America;Peru;"Table grapes production";2016;tonnes;545909
Europe;Portugal;"Table grapes production";1995;tonnes;57100
Europe;Portugal;"Table grapes production";1996;tonnes;55900
Europe;Portugal;"Table grapes production";1997;tonnes;61400
Europe;Portugal;"Table grapes production";1998;tonnes;39800
Europe;Portugal;"Table grapes production";1999;tonnes;55900
Europe;Portugal;"Table grapes production";2000;tonnes;53322
Europe;Portugal;"Table grapes production";2001;tonnes;52485
Europe;Portugal;"Table grapes production";2002;tonnes;58115
Europe;Portugal;"Table grapes production";2003;tonnes;52000
Europe;Portugal;"Table grapes production";2004;tonnes;55686
Europe;Portugal;"Table grapes production";2005;tonnes;49091
Europe;Portugal;"Table grapes production";2006;tonnes;52486
Europe;Portugal;"Table grapes production";2007;tonnes;24252
Europe;Portugal;"Table grapes production";2008;tonnes;20308
Europe;Portugal;"Table grapes production";2009;tonnes;23239
Europe;Portugal;"Table grapes production";2010;tonnes;19124
Europe;Portugal;"Table grapes production";2011;tonnes;15989
Europe;Portugal;"Table grapes production";2012;tonnes;17913
Europe;Portugal;"Table grapes production";2013;tonnes;17479
Europe;Portugal;"Table grapes production";2014;tonnes;14435
Europe;Portugal;"Table grapes production";2015;tonnes;19033
Europe;Portugal;"Table grapes production";2016;tonnes;22136
Europe;"Republic Of North Macedonia";"Table grapes production";1995;tonnes;28100
Europe;"Republic Of North Macedonia";"Table grapes production";1996;tonnes;31300
Europe;"Republic Of North Macedonia";"Table grapes production";1997;tonnes;57500
Europe;"Republic Of North Macedonia";"Table grapes production";1998;tonnes;33000
Europe;"Republic Of North Macedonia";"Table grapes production";1999;tonnes;65700
Europe;"Republic Of North Macedonia";"Table grapes production";2000;tonnes;100971
Europe;"Republic Of North Macedonia";"Table grapes production";2001;tonnes;88655
Europe;"Republic Of North Macedonia";"Table grapes production";2002;tonnes;40578
Europe;"Republic Of North Macedonia";"Table grapes production";2003;tonnes;86361
Europe;"Republic Of North Macedonia";"Table grapes production";2004;tonnes;76629
Europe;"Republic Of North Macedonia";"Table grapes production";2005;tonnes;121602
Europe;"Republic Of North Macedonia";"Table grapes production";2006;tonnes;95000
Europe;"Republic Of North Macedonia";"Table grapes production";2007;tonnes;80000
Europe;"Republic Of North Macedonia";"Table grapes production";2008;tonnes;80502
Europe;"Republic Of North Macedonia";"Table grapes production";2009;tonnes;91630
Europe;"Republic Of North Macedonia";"Table grapes production";2010;tonnes;119958
Europe;"Republic Of North Macedonia";"Table grapes production";2011;tonnes;110792
Europe;"Republic Of North Macedonia";"Table grapes production";2012;tonnes;97754
Europe;"Republic Of North Macedonia";"Table grapes production";2013;tonnes;117463
Europe;"Republic Of North Macedonia";"Table grapes production";2014;tonnes;112253
Europe;"Republic Of North Macedonia";"Table grapes production";2015;tonnes;194578
Europe;"Republic Of North Macedonia";"Table grapes production";2016;tonnes;204493
Europe;Romania;"Table grapes production";1995;tonnes;134200
Europe;Romania;"Table grapes production";1996;tonnes;199600
Europe;Romania;"Table grapes production";1997;tonnes;121200
Europe;Romania;"Table grapes production";1998;tonnes;62900
Europe;Romania;"Table grapes production";1999;tonnes;112100
Europe;Romania;"Table grapes production";2000;tonnes;129800
Europe;Romania;"Table grapes production";2001;tonnes;117200
Europe;Romania;"Table grapes production";2002;tonnes;266200
Europe;Romania;"Table grapes production";2003;tonnes;173670
Europe;Romania;"Table grapes production";2004;tonnes;97283
Europe;Romania;"Table grapes production";2005;tonnes;39338
Europe;Romania;"Table grapes production";2006;tonnes;67053
Europe;Romania;"Table grapes production";2007;tonnes;81046
Europe;Romania;"Table grapes production";2008;tonnes;87164
Europe;Romania;"Table grapes production";2009;tonnes;73236
Europe;Romania;"Table grapes production";2010;tonnes;54272
Europe;Romania;"Table grapes production";2011;tonnes;51892
Europe;Romania;"Table grapes production";2012;tonnes;51798
Europe;Romania;"Table grapes production";2013;tonnes;55418
Europe;Romania;"Table grapes production";2014;tonnes;45440
Europe;Romania;"Table grapes production";2015;tonnes;49793
Europe;Romania;"Table grapes production";2016;tonnes;46202
Asia;"Serbia And Montenegro";"Table grapes production";1995;tonnes;32500
Asia;"Serbia And Montenegro";"Table grapes production";1996;tonnes;12000
Asia;"Serbia And Montenegro";"Table grapes production";1997;tonnes;48400
Asia;"Serbia And Montenegro";"Table grapes production";1998;tonnes;82400
Asia;"Serbia And Montenegro";"Table grapes production";1999;tonnes;1300
Asia;"Serbia And Montenegro";"Table grapes production";2000;tonnes;37600
Asia;"Serbia And Montenegro";"Table grapes production";2001;tonnes;133900
Asia;"Serbia And Montenegro";"Table grapes production";2002;tonnes;165800
Asia;"Serbia And Montenegro";"Table grapes production";2003;tonnes;209000
Asia;"Serbia And Montenegro";"Table grapes production";2004;tonnes;208200
Asia;"Serbia And Montenegro";"Table grapes production";2005;tonnes;141500
Asia;"Serbia And Montenegro";"Table grapes production";2006;tonnes;0
Asia;"Serbia And Montenegro";"Table grapes production";2007;tonnes;0
Asia;"Serbia And Montenegro";"Table grapes production";2008;tonnes;0
Asia;"Serbia And Montenegro";"Table grapes production";2009;tonnes;0
Asia;"Serbia And Montenegro";"Table grapes production";2010;tonnes;0
Asia;"Serbia And Montenegro";"Table grapes production";2011;tonnes;0
Asia;"Serbia And Montenegro";"Table grapes production";2012;tonnes;0
Asia;"Serbia And Montenegro";"Table grapes production";2013;tonnes;0
Asia;"Serbia And Montenegro";"Table grapes production";2014;tonnes;0
Asia;"Serbia And Montenegro";"Table grapes production";2015;tonnes;0
Asia;"Serbia And Montenegro";"Table grapes production";2016;tonnes;0
Europe;Serbia;"Table grapes production";1995;tonnes;0
Europe;Serbia;"Table grapes production";1996;tonnes;0
Europe;Serbia;"Table grapes production";1997;tonnes;0
Europe;Serbia;"Table grapes production";1998;tonnes;0
Europe;Serbia;"Table grapes production";1999;tonnes;0
Europe;Serbia;"Table grapes production";2000;tonnes;0
Europe;Serbia;"Table grapes production";2001;tonnes;0
Europe;Serbia;"Table grapes production";2002;tonnes;0
Europe;Serbia;"Table grapes production";2003;tonnes;0
Europe;Serbia;"Table grapes production";2004;tonnes;0
Europe;Serbia;"Table grapes production";2005;tonnes;0
Europe;Serbia;"Table grapes production";2006;tonnes;159547
Europe;Serbia;"Table grapes production";2007;tonnes;122925
Europe;Serbia;"Table grapes production";2008;tonnes;136370
Europe;Serbia;"Table grapes production";2009;tonnes;126182
Europe;Serbia;"Table grapes production";2010;tonnes;32774
Europe;Serbia;"Table grapes production";2011;tonnes;28000
Europe;Serbia;"Table grapes production";2012;tonnes;28600
Europe;Serbia;"Table grapes production";2013;tonnes;28700
Europe;Serbia;"Table grapes production";2014;tonnes;28700
Europe;Serbia;"Table grapes production";2015;tonnes;105201
Europe;Serbia;"Table grapes production";2016;tonnes;99470
Europe;Slovakia;"Table grapes production";1995;tonnes;4300
Europe;Slovakia;"Table grapes production";1996;tonnes;3200
Europe;Slovakia;"Table grapes production";1997;tonnes;4100
Europe;Slovakia;"Table grapes production";1998;tonnes;3700
Europe;Slovakia;"Table grapes production";1999;tonnes;3400
Europe;Slovakia;"Table grapes production";2000;tonnes;0
Europe;Slovakia;"Table grapes production";2001;tonnes;2584
Europe;Slovakia;"Table grapes production";2002;tonnes;496
Europe;Slovakia;"Table grapes production";2003;tonnes;8816
Europe;Slovakia;"Table grapes production";2004;tonnes;17541
Europe;Slovakia;"Table grapes production";2005;tonnes;12230
Europe;Slovakia;"Table grapes production";2006;tonnes;0
Europe;Slovakia;"Table grapes production";2007;tonnes;12146
Europe;Slovakia;"Table grapes production";2008;tonnes;16615
Europe;Slovakia;"Table grapes production";2009;tonnes;13872
Europe;Slovakia;"Table grapes production";2010;tonnes;13088
Europe;Slovakia;"Table grapes production";2011;tonnes;15773
Europe;Slovakia;"Table grapes production";2012;tonnes;13144
Europe;Slovakia;"Table grapes production";2013;tonnes;20372
Europe;Slovakia;"Table grapes production";2014;tonnes;12671
Europe;Slovakia;"Table grapes production";2015;tonnes;14700
Europe;Slovakia;"Table grapes production";2016;tonnes;7386
Europe;Slovenia;"Table grapes production";1995;tonnes;15300
Europe;Slovenia;"Table grapes production";1996;tonnes;68000
Europe;Slovenia;"Table grapes production";1997;tonnes;48100
Europe;Slovenia;"Table grapes production";1998;tonnes;55100
Europe;Slovenia;"Table grapes production";1999;tonnes;42900
Europe;Slovenia;"Table grapes production";2000;tonnes;41929
Europe;Slovenia;"Table grapes production";2001;tonnes;36507
Europe;Slovenia;"Table grapes production";2002;tonnes;64708
Europe;Slovenia;"Table grapes production";2003;tonnes;68199
Europe;Slovenia;"Table grapes production";2004;tonnes;80386
Europe;Slovenia;"Table grapes production";2005;tonnes;77496
Europe;Slovenia;"Table grapes production";2006;tonnes;62658
Europe;Slovenia;"Table grapes production";2007;tonnes;70388
Europe;Slovenia;"Table grapes production";2008;tonnes;59468
Europe;Slovenia;"Table grapes production";2009;tonnes;68945
Europe;Slovenia;"Table grapes production";2010;tonnes;69466
Europe;Slovenia;"Table grapes production";2011;tonnes;77282
Europe;Slovenia;"Table grapes production";2012;tonnes;46847
Europe;Slovenia;"Table grapes production";2013;tonnes;32274
Europe;Slovenia;"Table grapes production";2014;tonnes;21349
Europe;Slovenia;"Table grapes production";2015;tonnes;36901
Europe;Slovenia;"Table grapes production";2016;tonnes;29780
Africa;"South Africa";"Table grapes production";1995;tonnes;151800
Africa;"South Africa";"Table grapes production";1996;tonnes;165300
Africa;"South Africa";"Table grapes production";1997;tonnes;177600
Africa;"South Africa";"Table grapes production";1998;tonnes;167500
Africa;"South Africa";"Table grapes production";1999;tonnes;207400
Africa;"South Africa";"Table grapes production";2000;tonnes;160200
Africa;"South Africa";"Table grapes production";2001;tonnes;199700
Africa;"South Africa";"Table grapes production";2002;tonnes;250800
Africa;"South Africa";"Table grapes production";2003;tonnes;260900
Africa;"South Africa";"Table grapes production";2004;tonnes;237633
Africa;"South Africa";"Table grapes production";2005;tonnes;267169
Africa;"South Africa";"Table grapes production";2006;tonnes;260678
Africa;"South Africa";"Table grapes production";2007;tonnes;258773
Africa;"South Africa";"Table grapes production";2008;tonnes;255284
Africa;"South Africa";"Table grapes production";2009;tonnes;273372
Africa;"South Africa";"Table grapes production";2010;tonnes;293819
Africa;"South Africa";"Table grapes production";2011;tonnes;245100
Africa;"South Africa";"Table grapes production";2012;tonnes;285810
Africa;"South Africa";"Table grapes production";2013;tonnes;261883
Africa;"South Africa";"Table grapes production";2014;tonnes;251477
Africa;"South Africa";"Table grapes production";2015;tonnes;291442
Africa;"South Africa";"Table grapes production";2016;tonnes;283500
Europe;Spain;"Table grapes production";1995;tonnes;365000
Europe;Spain;"Table grapes production";1996;tonnes;311900
Europe;Spain;"Table grapes production";1997;tonnes;285900
Europe;Spain;"Table grapes production";1998;tonnes;293000
Europe;Spain;"Table grapes production";1999;tonnes;332300
Europe;Spain;"Table grapes production";2000;tonnes;344700
Europe;Spain;"Table grapes production";2001;tonnes;322324
Europe;Spain;"Table grapes production";2002;tonnes;327721
Europe;Spain;"Table grapes production";2003;tonnes;320600
Europe;Spain;"Table grapes production";2004;tonnes;331000
Europe;Spain;"Table grapes production";2005;tonnes;312300
Europe;Spain;"Table grapes production";2006;tonnes;317600
Europe;Spain;"Table grapes production";2007;tonnes;255900
Europe;Spain;"Table grapes production";2008;tonnes;270800
Europe;Spain;"Table grapes production";2009;tonnes;243900
Europe;Spain;"Table grapes production";2010;tonnes;228900
Europe;Spain;"Table grapes production";2011;tonnes;289800
Europe;Spain;"Table grapes production";2012;tonnes;241209
Europe;Spain;"Table grapes production";2013;tonnes;250500
Europe;Spain;"Table grapes production";2014;tonnes;233000
Europe;Spain;"Table grapes production";2015;tonnes;280700
Europe;Spain;"Table grapes production";2016;tonnes;271600
Europe;Switzerland;"Table grapes production";1995;tonnes;1200
Europe;Switzerland;"Table grapes production";1996;tonnes;500
Europe;Switzerland;"Table grapes production";1997;tonnes;700
Europe;Switzerland;"Table grapes production";1998;tonnes;400
Europe;Switzerland;"Table grapes production";1999;tonnes;300
Europe;Switzerland;"Table grapes production";2000;tonnes;300
Europe;Switzerland;"Table grapes production";2001;tonnes;100
Europe;Switzerland;"Table grapes production";2002;tonnes;200
Europe;Switzerland;"Table grapes production";2003;tonnes;100
Europe;Switzerland;"Table grapes production";2004;tonnes;100
Europe;Switzerland;"Table grapes production";2005;tonnes;100
Europe;Switzerland;"Table grapes production";2006;tonnes;100
Europe;Switzerland;"Table grapes production";2007;tonnes;100
Europe;Switzerland;"Table grapes production";2008;tonnes;100
Europe;Switzerland;"Table grapes production";2009;tonnes;400
Europe;Switzerland;"Table grapes production";2010;tonnes;100
Europe;Switzerland;"Table grapes production";2011;tonnes;100
Europe;Switzerland;"Table grapes production";2012;tonnes;100
Europe;Switzerland;"Table grapes production";2013;tonnes;100
Europe;Switzerland;"Table grapes production";2014;tonnes;100
Europe;Switzerland;"Table grapes production";2015;tonnes;100
Europe;Switzerland;"Table grapes production";2016;tonnes;100
Asia;"Syrian Arab Republic";"Table grapes production";1995;tonnes;244700
Asia;"Syrian Arab Republic";"Table grapes production";1996;tonnes;346500
Asia;"Syrian Arab Republic";"Table grapes production";1997;tonnes;282000
Asia;"Syrian Arab Republic";"Table grapes production";1998;tonnes;388800
Asia;"Syrian Arab Republic";"Table grapes production";1999;tonnes;232600
Asia;"Syrian Arab Republic";"Table grapes production";2000;tonnes;240122
Asia;"Syrian Arab Republic";"Table grapes production";2001;tonnes;230392
Asia;"Syrian Arab Republic";"Table grapes production";2002;tonnes;217966
Asia;"Syrian Arab Republic";"Table grapes production";2003;tonnes;182902
Asia;"Syrian Arab Republic";"Table grapes production";2004;tonnes;138437
Asia;"Syrian Arab Republic";"Table grapes production";2005;tonnes;190187
Asia;"Syrian Arab Republic";"Table grapes production";2006;tonnes;201294
Asia;"Syrian Arab Republic";"Table grapes production";2007;tonnes;181935
Asia;"Syrian Arab Republic";"Table grapes production";2008;tonnes;172286
Asia;"Syrian Arab Republic";"Table grapes production";2009;tonnes;212512
Asia;"Syrian Arab Republic";"Table grapes production";2010;tonnes;198730
Asia;"Syrian Arab Republic";"Table grapes production";2011;tonnes;196010
Asia;"Syrian Arab Republic";"Table grapes production";2012;tonnes;220963
Asia;"Syrian Arab Republic";"Table grapes production";2013;tonnes;158893
Asia;"Syrian Arab Republic";"Table grapes production";2014;tonnes;163200
Asia;"Syrian Arab Republic";"Table grapes production";2015;tonnes;181356
Asia;"Syrian Arab Republic";"Table grapes production";2016;tonnes;208864
Asia;"Taiwan, China";"Table grapes production";1995;tonnes;137391
Asia;"Taiwan, China";"Table grapes production";1996;tonnes;122055
Asia;"Taiwan, China";"Table grapes production";1997;tonnes;71677
Asia;"Taiwan, China";"Table grapes production";1998;tonnes;65158
Asia;"Taiwan, China";"Table grapes production";1999;tonnes;94360
Asia;"Taiwan, China";"Table grapes production";2000;tonnes;80200
Asia;"Taiwan, China";"Table grapes production";2001;tonnes;74838
Asia;"Taiwan, China";"Table grapes production";2002;tonnes;74440
Asia;"Taiwan, China";"Table grapes production";2003;tonnes;81156
Asia;"Taiwan, China";"Table grapes production";2004;tonnes;85937
Asia;"Taiwan, China";"Table grapes production";2005;tonnes;60681
Asia;"Taiwan, China";"Table grapes production";2006;tonnes;89824
Asia;"Taiwan, China";"Table grapes production";2007;tonnes;78692
Asia;"Taiwan, China";"Table grapes production";2008;tonnes;73528
Asia;"Taiwan, China";"Table grapes production";2009;tonnes;86251
Asia;"Taiwan, China";"Table grapes production";2010;tonnes;91026
Asia;"Taiwan, China";"Table grapes production";2011;tonnes;95087
Asia;"Taiwan, China";"Table grapes production";2012;tonnes;87716
Asia;"Taiwan, China";"Table grapes production";2013;tonnes;87899
Asia;"Taiwan, China";"Table grapes production";2014;tonnes;89413
Asia;"Taiwan, China";"Table grapes production";2015;tonnes;81590
Asia;"Taiwan, China";"Table grapes production";2016;tonnes;76094
Asia;Tajikistan;"Table grapes production";1995;tonnes;62200
Asia;Tajikistan;"Table grapes production";1996;tonnes;79300
Asia;Tajikistan;"Table grapes production";1997;tonnes;91600
Asia;Tajikistan;"Table grapes production";1998;tonnes;25700
Asia;Tajikistan;"Table grapes production";1999;tonnes;33300
Asia;Tajikistan;"Table grapes production";2000;tonnes;80961
Asia;Tajikistan;"Table grapes production";2001;tonnes;69985
Asia;Tajikistan;"Table grapes production";2002;tonnes;52885
Asia;Tajikistan;"Table grapes production";2003;tonnes;10338
Asia;Tajikistan;"Table grapes production";2004;tonnes;67489
Asia;Tajikistan;"Table grapes production";2005;tonnes;65247
Asia;Tajikistan;"Table grapes production";2006;tonnes;78616
Asia;Tajikistan;"Table grapes production";2007;tonnes;83399
Asia;Tajikistan;"Table grapes production";2008;tonnes;79413
Asia;Tajikistan;"Table grapes production";2009;tonnes;96915
Asia;Tajikistan;"Table grapes production";2010;tonnes;95993
Asia;Tajikistan;"Table grapes production";2011;tonnes;134206
Asia;Tajikistan;"Table grapes production";2012;tonnes;145496
Asia;Tajikistan;"Table grapes production";2013;tonnes;149613
Asia;Tajikistan;"Table grapes production";2014;tonnes;138149
Asia;Tajikistan;"Table grapes production";2015;tonnes;145019
Asia;Tajikistan;"Table grapes production";2016;tonnes;151995
Africa;"Tanzania, United Republic";"Table grapes production";1995;tonnes;12600
Africa;"Tanzania, United Republic";"Table grapes production";1996;tonnes;12600
Africa;"Tanzania, United Republic";"Table grapes production";1997;tonnes;10700
Africa;"Tanzania, United Republic";"Table grapes production";1998;tonnes;11600
Africa;"Tanzania, United Republic";"Table grapes production";1999;tonnes;12600
Africa;"Tanzania, United Republic";"Table grapes production";2000;tonnes;13601
Africa;"Tanzania, United Republic";"Table grapes production";2001;tonnes;14065
Africa;"Tanzania, United Republic";"Table grapes production";2002;tonnes;14549
Africa;"Tanzania, United Republic";"Table grapes production";2003;tonnes;15519
Africa;"Tanzania, United Republic";"Table grapes production";2004;tonnes;13579
Africa;"Tanzania, United Republic";"Table grapes production";2005;tonnes;11639
Africa;"Tanzania, United Republic";"Table grapes production";2006;tonnes;9699
Africa;"Tanzania, United Republic";"Table grapes production";2007;tonnes;7758
Africa;"Tanzania, United Republic";"Table grapes production";2008;tonnes;6274
Africa;"Tanzania, United Republic";"Table grapes production";2009;tonnes;7759
Africa;"Tanzania, United Republic";"Table grapes production";2010;tonnes;6789
Africa;"Tanzania, United Republic";"Table grapes production";2011;tonnes;4835
Africa;"Tanzania, United Republic";"Table grapes production";2012;tonnes;5332
Africa;"Tanzania, United Republic";"Table grapes production";2013;tonnes;5794
Africa;"Tanzania, United Republic";"Table grapes production";2014;tonnes;5900
Africa;"Tanzania, United Republic";"Table grapes production";2015;tonnes;5078
Africa;"Tanzania, United Republic";"Table grapes production";2016;tonnes;4864
Africa;Tunisia;"Table grapes production";1995;tonnes;65000
Africa;Tunisia;"Table grapes production";1996;tonnes;56200
Africa;Tunisia;"Table grapes production";1997;tonnes;55800
Africa;Tunisia;"Table grapes production";1998;tonnes;54500
Africa;Tunisia;"Table grapes production";1999;tonnes;76700
Africa;Tunisia;"Table grapes production";2000;tonnes;86570
Africa;Tunisia;"Table grapes production";2001;tonnes;98550
Africa;Tunisia;"Table grapes production";2002;tonnes;74865
Africa;Tunisia;"Table grapes production";2003;tonnes;70912
Africa;Tunisia;"Table grapes production";2004;tonnes;73717
Africa;Tunisia;"Table grapes production";2005;tonnes;70780
Africa;Tunisia;"Table grapes production";2006;tonnes;73680
Africa;Tunisia;"Table grapes production";2007;tonnes;61980
Africa;Tunisia;"Table grapes production";2008;tonnes;70780
Africa;Tunisia;"Table grapes production";2009;tonnes;56078
Africa;Tunisia;"Table grapes production";2010;tonnes;56072
Africa;Tunisia;"Table grapes production";2011;tonnes;72139
Africa;Tunisia;"Table grapes production";2012;tonnes;67218
Africa;Tunisia;"Table grapes production";2013;tonnes;83655
Africa;Tunisia;"Table grapes production";2014;tonnes;95500
Africa;Tunisia;"Table grapes production";2015;tonnes;107526
Africa;Tunisia;"Table grapes production";2016;tonnes;85206
Asia;Turkey;"Table grapes production";1995;tonnes;1405500
Asia;Turkey;"Table grapes production";1996;tonnes;1404000
Asia;Turkey;"Table grapes production";1997;tonnes;1365600
Asia;Turkey;"Table grapes production";1998;tonnes;1362500
Asia;Turkey;"Table grapes production";1999;tonnes;1265200
Asia;Turkey;"Table grapes production";2000;tonnes;2148950
Asia;Turkey;"Table grapes production";2001;tonnes;1737057
Asia;Turkey;"Table grapes production";2002;tonnes;1875732
Asia;Turkey;"Table grapes production";2003;tonnes;1934406
Asia;Turkey;"Table grapes production";2004;tonnes;1867680
Asia;Turkey;"Table grapes production";2005;tonnes;2064429
Asia;Turkey;"Table grapes production";2006;tonnes;2151918
Asia;Turkey;"Table grapes production";2007;tonnes;1940790
Asia;Turkey;"Table grapes production";2008;tonnes;2084794
Asia;Turkey;"Table grapes production";2009;tonnes;2256800
Asia;Turkey;"Table grapes production";2010;tonnes;2249500
Asia;Turkey;"Table grapes production";2011;tonnes;2268900
Asia;Turkey;"Table grapes production";2012;tonnes;2219800
Asia;Turkey;"Table grapes production";2013;tonnes;2132600
Asia;Turkey;"Table grapes production";2014;tonnes;2166749
Asia;Turkey;"Table grapes production";2015;tonnes;1891910
Asia;Turkey;"Table grapes production";2016;tonnes;1990604
Asia;Turkmenistan;"Table grapes production";1995;tonnes;52700
Asia;Turkmenistan;"Table grapes production";1996;tonnes;60200
Asia;Turkmenistan;"Table grapes production";1997;tonnes;55000
Asia;Turkmenistan;"Table grapes production";1998;tonnes;68100
Asia;Turkmenistan;"Table grapes production";1999;tonnes;68400
Asia;Turkmenistan;"Table grapes production";2000;tonnes;121000
Asia;Turkmenistan;"Table grapes production";2001;tonnes;136797
Asia;Turkmenistan;"Table grapes production";2002;tonnes;165536
Asia;Turkmenistan;"Table grapes production";2003;tonnes;182553
Asia;Turkmenistan;"Table grapes production";2004;tonnes;209110
Asia;Turkmenistan;"Table grapes production";2005;tonnes;226711
Asia;Turkmenistan;"Table grapes production";2006;tonnes;233762
Asia;Turkmenistan;"Table grapes production";2007;tonnes;260111
Asia;Turkmenistan;"Table grapes production";2008;tonnes;157868
Asia;Turkmenistan;"Table grapes production";2009;tonnes;164265
Asia;Turkmenistan;"Table grapes production";2010;tonnes;165473
Asia;Turkmenistan;"Table grapes production";2011;tonnes;164334
Asia;Turkmenistan;"Table grapes production";2012;tonnes;215019
Asia;Turkmenistan;"Table grapes production";2013;tonnes;222297
Asia;Turkmenistan;"Table grapes production";2014;tonnes;230139
Asia;Turkmenistan;"Table grapes production";2015;tonnes;199452
Asia;Turkmenistan;"Table grapes production";2016;tonnes;206248
Europe;Ukraine;"Table grapes production";1995;tonnes;205700
Europe;Ukraine;"Table grapes production";1996;tonnes;231800
Europe;Ukraine;"Table grapes production";1997;tonnes;180200
Europe;Ukraine;"Table grapes production";1998;tonnes;110700
Europe;Ukraine;"Table grapes production";1999;tonnes;139900
Europe;Ukraine;"Table grapes production";2000;tonnes;289992
Europe;Ukraine;"Table grapes production";2001;tonnes;134400
Europe;Ukraine;"Table grapes production";2002;tonnes;143800
Europe;Ukraine;"Table grapes production";2003;tonnes;139578
Europe;Ukraine;"Table grapes production";2004;tonnes;79670
Europe;Ukraine;"Table grapes production";2005;tonnes;79265
Europe;Ukraine;"Table grapes production";2006;tonnes;14834
Europe;Ukraine;"Table grapes production";2007;tonnes;23737
Europe;Ukraine;"Table grapes production";2008;tonnes;51234
Europe;Ukraine;"Table grapes production";2009;tonnes;39103
Europe;Ukraine;"Table grapes production";2010;tonnes;11221
Europe;Ukraine;"Table grapes production";2011;tonnes;46800
Europe;Ukraine;"Table grapes production";2012;tonnes;45990
Europe;Ukraine;"Table grapes production";2013;tonnes;59080
Europe;Ukraine;"Table grapes production";2014;tonnes;42140
Europe;Ukraine;"Table grapes production";2015;tonnes;21800
Europe;Ukraine;"Table grapes production";2016;tonnes;20180
America;"United States";"Table grapes production";1995;tonnes;738500
America;"United States";"Table grapes production";1996;tonnes;669700
America;"United States";"Table grapes production";1997;tonnes;800600
America;"United States";"Table grapes production";1998;tonnes;551500
America;"United States";"Table grapes production";1999;tonnes;701500
America;"United States";"Table grapes production";2000;tonnes;946117
America;"United States";"Table grapes production";2001;tonnes;844820
America;"United States";"Table grapes production";2002;tonnes;965037
America;"United States";"Table grapes production";2003;tonnes;847112
America;"United States";"Table grapes production";2004;tonnes;880550
America;"United States";"Table grapes production";2005;tonnes;1068268
America;"United States";"Table grapes production";2006;tonnes;954840
America;"United States";"Table grapes production";2007;tonnes;1037049
America;"United States";"Table grapes production";2008;tonnes;1027363
America;"United States";"Table grapes production";2009;tonnes;1043478
America;"United States";"Table grapes production";2010;tonnes;1046324
America;"United States";"Table grapes production";2011;tonnes;1016260
America;"United States";"Table grapes production";2012;tonnes;991100
America;"United States";"Table grapes production";2013;tonnes;1013000
America;"United States";"Table grapes production";2014;tonnes;955000
America;"United States";"Table grapes production";2015;tonnes;947000
America;"United States";"Table grapes production";2016;tonnes;943000
America;Uruguay;"Table grapes production";1995;tonnes;1600
America;Uruguay;"Table grapes production";1996;tonnes;2100
America;Uruguay;"Table grapes production";1997;tonnes;2100
America;Uruguay;"Table grapes production";1998;tonnes;6300
America;Uruguay;"Table grapes production";1999;tonnes;1800
America;Uruguay;"Table grapes production";2000;tonnes;2568
America;Uruguay;"Table grapes production";2001;tonnes;2998
America;Uruguay;"Table grapes production";2002;tonnes;2831
America;Uruguay;"Table grapes production";2003;tonnes;2406
America;Uruguay;"Table grapes production";2004;tonnes;3095
America;Uruguay;"Table grapes production";2005;tonnes;3970
America;Uruguay;"Table grapes production";2006;tonnes;5489
America;Uruguay;"Table grapes production";2007;tonnes;4638
America;Uruguay;"Table grapes production";2008;tonnes;3882
America;Uruguay;"Table grapes production";2009;tonnes;3096
America;Uruguay;"Table grapes production";2010;tonnes;3476
America;Uruguay;"Table grapes production";2011;tonnes;3781
America;Uruguay;"Table grapes production";2012;tonnes;4555
America;Uruguay;"Table grapes production";2013;tonnes;3020
America;Uruguay;"Table grapes production";2014;tonnes;3010
America;Uruguay;"Table grapes production";2015;tonnes;3407
America;Uruguay;"Table grapes production";2016;tonnes;3464
Asia;Uzbekistan;"Table grapes production";1995;tonnes;265000
Asia;Uzbekistan;"Table grapes production";1996;tonnes;251100
Asia;Uzbekistan;"Table grapes production";1997;tonnes;212800
Asia;Uzbekistan;"Table grapes production";1998;tonnes;169900
Asia;Uzbekistan;"Table grapes production";1999;tonnes;135300
Asia;Uzbekistan;"Table grapes production";2000;tonnes;353398
Asia;Uzbekistan;"Table grapes production";2001;tonnes;268439
Asia;Uzbekistan;"Table grapes production";2002;tonnes;274400
Asia;Uzbekistan;"Table grapes production";2003;tonnes;161854
Asia;Uzbekistan;"Table grapes production";2004;tonnes;318890
Asia;Uzbekistan;"Table grapes production";2005;tonnes;324668
Asia;Uzbekistan;"Table grapes production";2006;tonnes;507352
Asia;Uzbekistan;"Table grapes production";2007;tonnes;552792
Asia;Uzbekistan;"Table grapes production";2008;tonnes;464698
Asia;Uzbekistan;"Table grapes production";2009;tonnes;531577
Asia;Uzbekistan;"Table grapes production";2010;tonnes;553998
Asia;Uzbekistan;"Table grapes production";2011;tonnes;614440
Asia;Uzbekistan;"Table grapes production";2012;tonnes;701303
Asia;Uzbekistan;"Table grapes production";2013;tonnes;799595
Asia;Uzbekistan;"Table grapes production";2014;tonnes;1051020
Asia;Uzbekistan;"Table grapes production";2015;tonnes;1173441
Asia;Uzbekistan;"Table grapes production";2016;tonnes;1230771
Asia;Yemen;"Table grapes production";1995;tonnes;140000
Asia;Yemen;"Table grapes production";1996;tonnes;91200
Asia;Yemen;"Table grapes production";1997;tonnes;139700
Asia;Yemen;"Table grapes production";1998;tonnes;144000
Asia;Yemen;"Table grapes production";1999;tonnes;144800
Asia;Yemen;"Table grapes production";2000;tonnes;145010
Asia;Yemen;"Table grapes production";2001;tonnes;149710
Asia;Yemen;"Table grapes production";2002;tonnes;151415
Asia;Yemen;"Table grapes production";2003;tonnes;157009
Asia;Yemen;"Table grapes production";2004;tonnes;96882
Asia;Yemen;"Table grapes production";2005;tonnes;100218
Asia;Yemen;"Table grapes production";2006;tonnes;109359
Asia;Yemen;"Table grapes production";2007;tonnes;117008
Asia;Yemen;"Table grapes production";2008;tonnes;118231
Asia;Yemen;"Table grapes production";2009;tonnes;120329
Asia;Yemen;"Table grapes production";2010;tonnes;154640
Asia;Yemen;"Table grapes production";2011;tonnes;138635
Asia;Yemen;"Table grapes production";2012;tonnes;144030
Asia;Yemen;"Table grapes production";2013;tonnes;144729
Asia;Yemen;"Table grapes production";2014;tonnes;140593
Asia;Yemen;"Table grapes production";2015;tonnes;142478
Asia;Yemen;"Table grapes production";2016;tonnes;143435
